{"cameraMode":{"drawMode":0,"name":"Shaded","section":"Shading Mode"},"sceneLighting":false,"audioPlay":false,"sceneViewState":{"m_AlwaysRefresh":false,"showFog":true,"showSkybox":false,"showFlares":true,"showImageEffects":true,"showParticleSystems":true,"showVisualEffectGraphs":true,"m_FxEnabled":true},"in2DMode":false,"pivot":{"x":-0.00015091896057128906,"y":1.8999994993209839,"z":1.2499995231628419},"rotation":{"x":-0.3248370885848999,"y":-0.6306642293930054,"z":0.32861781120300295,"w":-0.6235547661781311},"size":2.280355453491211,"orthographic":false}