{"cameraMode":{"drawMode":0,"name":"Shaded","section":"Shading Mode"},"sceneLighting":false,"audioPlay":false,"sceneViewState":{"m_AlwaysRefresh":false,"showFog":true,"showSkybox":false,"showFlares":true,"showImageEffects":true,"showParticleSystems":true,"showVisualEffectGraphs":true,"m_FxEnabled":true},"in2DMode":false,"pivot":{"x":1.4901161193847657e-8,"y":0.1671808660030365,"z":-0.014575205743312836},"rotation":{"x":-0.2605602443218231,"y":-0.6004811525344849,"z":0.21608592569828034,"w":-0.7245168685913086},"size":0.20089103281497956,"orthographic":false}