{"cameraMode":{"drawMode":0,"name":"Shaded","section":"Shading Mode"},"sceneLighting":false,"audioPlay":false,"sceneViewState":{"m_AlwaysRefresh":false,"showFog":true,"showSkybox":false,"showFlares":true,"showImageEffects":true,"showParticleSystems":true,"showVisualEffectGraphs":true,"m_FxEnabled":true},"in2DMode":false,"pivot":{"x":0.08585641533136368,"y":0.18702776730060578,"z":4.0978193283081057e-8},"rotation":{"x":0.29153621196746828,"y":0.6350780725479126,"z":-0.2815619707107544,"w":0.657576858997345},"size":0.8660253882408142,"orthographic":false}